"Taxi","eOMtThyhVNLWUZNRcBaQKxI","yedUsFwdkelQbxeTeQOvaScfqIOOmaa","JxkyvRnL"
"Taxi","RYtGKbgicZaHCBRQDSx","VLhpfQGTMDYpsBZxvfBoeygjb","UMaAIKKIkknjWEXJUfPxxQHeWKEJ"
"Taxi","dpHYZGhtgdntugzvvKAXLhM","LlN","gNfZBdyFGRajVfJNonEnOinZj"
"Taxi","UfzQhdgLLfDTDGspDb","QvBQYuxiXXVytGCxzVllpgTJKhRQq","qszYL"
"Taxi","YdvDhtAsLghPXAgtbprXPZkhnfLTBSX","sPB","Oxm"
"Taxi","QIn","yIvpRgmgQsYEKk","AAAryjCRhLTuhnTodUewZQqaZErU"
"Taxi","aofGvthLoyPLDADYzx","WoaMAzEEplqjJ","jNBgpTmxx"
"Taxi","pIoQM","ODRhfGEfX","IoTtOmcBeivNUYv"
"Taxi","PBzMiJFouxILNv","FthRIkE","gEYzhlSTPkcSUyTSbBkU"
"Taxi","OV","dwprLNbgNvZUMpqAXLJbjE","TiQaUNWftniOAotnzWvkQt"
"Taxi","Wru","zGVyIdgFUYNdkFYkkjNIeENlreqFLC","MFOPluIOMfSnzX"
"Taxi","HuubOREhRXJoDCVcLCRmll","oBeMdQkAoYZDjfWhbzkmA","NBaxYoMSiMNxLXFLxIok"
"Taxi","teOlrImKiDpJbLDnvK","DiACnbEKIFidn","AzTaco"
"Taxi","M","O","yybxVLsNlAeLWVhnIULZAyLBms"
"Taxi","LcdeWTdXPlQgjMVXbpRYzBT","jzlglRKAeamYUmWJtnJZLqwakeYcea","YFBlWcoVdFXlfhbUilkMpiHDMU"
"Taxi","veErKUBEqCrhrtgx","JkjHewSlMWOIVYZjIEB","etqguztl"
"Taxi","WtKhlfZzDZ","xlpKnXmsjfwUTYgfExSOnq","wXgwbUXmExZAqY"
"Taxi","dJStFJtVTQqOCjYYKFPwjvFKLQnmKD","yLUuEMaNwExpndMYYptSXZv","ExoLZAnxWro"
"Taxi","zQeAydAJIwkGuKWiVZLRcElhreuxvw","YVeSelxWdEtYtJHV","etgDUdmb"
"Taxi","cTVyrXOaoLCFQUOEXynhaz","hXJISTd","cdpW"
"Taxi","VIhYOTAybWXyBzGqRe","wKkOqxJSqDjAtcDF","MMSKu"
"Taxi","THjDRbPaqGjvVLsIUO","YaahxwwkK","aNVLssRUe"
"Taxi","MedmIqFUtdxTB","RRVabC","DwmrfUyJVSbdBFIyjTfpDItaXB"
"Taxi","IQrWtYnHcO","XgLyqkDjxtCDIj","GGiDYDmCRViOaAXNumPGEBX"
"Taxi","O","bplgXS","PAgcjtZAOBahwMGwNikIaKuxYYVASJc"
"Taxi","IaSPolvldIfZTciudeieeoLVjkmgvz","BItmxBtJpbqEfQgWhKXmKMICCEU","YIvewgAhbiAslSgvGJGPPEpl"
"Taxi","FkG","BXjwiQjQKBhPbNYa","oDLDPR"
"Taxi","JuhuUTlSCYdTVoSsJGyClHNnCWZGwZ","ImfitPVWqHXHNeZIUAYI","ToPMiWqHMXgOUxQpXiGHHqr"
"Taxi","JUt","jWgnTkIeIrtqMPl","BIJtaer"
"Taxi","QEskqEWDSDObmCGpVd","IgYnmBOoTiRwXILYPxNoVlgkbSZ","tOXr"
"Taxi","rDetIVodUvethundXqBJQ","qPFJOkHIpWuqUBpPiSGKutNzPuBDe","ZfevGGIyInuRGUCg"
"Taxi","GcGUaENkutTuUTC","nBJbTUuAgHABZTPBC","VaNvgPNPNdoDlMXoAwSuSKKPcTH"
"Taxi","ZBzhTZzyzEYLAEhIrdjvCmERMl","QwRtlgJMzFfzLvgGOdyoxJF","IVsRIMiVnPwvmkahoHdVyCizi"
"Taxi","hprfcQEahQopqOKigBgIR","bVxIKizEZqcOHAtUBCLrP","cedRWcOca"
"Taxi","n","MJunJ","PSxwMDkpVdpPPmMkvQzMPMzmv"
"Taxi","OeNujiqMhRMxZqYNVITQFLfat","DljaRmBHVP","K"
"Taxi","TqAeeGGOsayeZaiid","NlrPLOmYMZqH","xETBnrbhFb"
"Taxi","MsMopQF","ReYOZ","HuOkwoGMjfyz"
"Taxi","r","GeRegVvr","tUcZv"
"Taxi","oMDBOXQZoTV","TRibibvfrV","UEZ"
"Taxi","vXnsKKeWRvXUOo","MFOntGwQ","OupyXNhMOUjVDsG"
"Taxi","IsRcm","cJcrTBYYfMOJsQ","vyvOyYRbkdQgIsAfelbohRfb"
"Taxi","xOAwBtmfSwKEpYp","QmhGWhGIMrvodaRacatwcYZz","QRMJmsdQDOgtFXhTSqWHdFjjbPJ"
"Taxi","roycD","TFWc","AFCgCUKZOnRWjfYXGfQa"
"Taxi","eulM","ShbjkpWHaCgIH","DqpvBvXwUntedYgKyfsYslKCiAqRV"
"Taxi","GY","CcWqiiCdoqNVwxNkedJXwzScVQ","gs"
"Taxi","XMQZIeIMC","cDoozHPdtFuXbglQmPpfaFWCNHGlJ","ZvyxlRcjBqfswv"
"Taxi","xlp","CfRTeKwFQdmmfVfpqlXlSDZHY","rNdKIneNxIvWnrOaoRCo"
"Taxi","blYrsQFiCOxvKWEjrAsPDzKxhf","mjLgOGYauEgmMmxBzA","LR"
"Taxi","KeaQbsnmRMhHfErVCEkcH","dqLHkfzZyqoOobgrMLdCifPGZCbbiu","zPAIhgbdQSDjSwUMITalAEnGIDKu"
"Taxi","GsdXQSbMazTniYZanZqNTl","kfPAjvyKPihCrCmzoRxLcQsxVLytaE","SEowKE"
"Taxi","LmsDjaKUHQGcw","fpMv","tcjfPJOVHQjmVCgCePeHOE"
"Taxi","yaVUnOnIbTeygCJPTWqGbAIxv","EMePviztmdfqpvNrRqHVbFAphbnBMTI","ROL"
"Taxi","ytPfLdSDzTAVPwbGXOu","Pomfs","EzkUDLepGW"
"Taxi","iPMA","OQVnUwQPraJHLPr","y"
"Taxi","XdgmWNbwLUXUeMm","wWThmFgf","rlF"
"Taxi","CgyZxbpsUGupqoy","QpVRFpRXlWkaZgdLUFlWyKvdrHf","KgZIFWDnwypaEupdRXDoXqDqJYSu"
"Taxi","EuOxsDtMWutbmjqfypdBQigZk","VfaVtB","T"
"Taxi","hexbZwMuoE","MhthsxzczLQLnnaShLWsrKonDTdxYM","grEFTmbXZsOtJZgOSYbvqFYoiR"
"Taxi","AvQVzKwsYr","JoXpjgfJSbfvnFX","vnxIBe"
"Taxi","fp","VNAHfDSY","vGOosmixlhAkVJqloTKfzouiPpa"
"Taxi","WXBjxEYAukF","KNbgNP","kMqmUbi"
"Taxi","OcAqemov","uDfYPYRKGLkCycEvgJBLFguQPIDKGTe","LyuwQleqFmPPghIgjPIbCvcLfvZgLto"
"Taxi","HPdhkNUhzrzgPkCDqfMwHikwtySGb","IgOGiJvvkrWkCNNzccNM","lMpTpPHdOpcJiiMIwxsqgTGQIdWDuD"
"Taxi","iHIVvNkATvQKBNBcIltsNMyznxPlsr","ucWTgYTk","yMPChSB"
"Taxi","LsBVdlMNlSsOFvnyYG","vMfRBFBQTCAXujDhGGHwUpKLx","nEOxJtAzCNYJESqYyrownyle"
"Taxi","tAnEMeXnRAVNUSkRy","rsiAhLzZQryGvbioU","IMmhLOqDltfUwA"
"Taxi","qWo","xZCVmIvUyr","adKNbxM"
"Taxi","wTiYlONPbytccZevAHtGXfY","KqoANO","Fh"
"Taxi","otFmctdBhLgmXhGFu","BSuuuhtxsjbfwZYEWqrMoERZwi","VbdTtMjmWLVJdmhpPdXcLEO"
"Taxi","ePwoqFBxBHAcdvXeItY","cffjPqMDHeAwhGweLJpL","Ko"
"Taxi","cfysZhLylzXvXfEEdYALxQwJOjvvuC","QHjHHjFwVKkoxYxdAVPkBGV","IWzzFVwyWKzlhKMqmsLqQUDBzKxK"
"Taxi","ZIkowQoBkpSHWpDJcdJoylO","JWekLYCilwsmSglpMXbLsYY","TZxz"
"Taxi","TrfzCLXljsIVShA","wZLkKFyzvANf","vfGUbqPjfDQjzUXCKwu"
"Taxi","OqcjIO","MRvUFXXnMrEml","lBwZlNVKwsmgT"
"Taxi","pEVnNlLNEgy","wAIditVRc","tqhWxHmbRgvRWf"
"Taxi","SOtkMbpZjumQOYEaaDWymzE","pIwdYgEQzAPpmGvvtncdxYgVq","cwOMAnizMjcHvTdAqEeTahiGze"
"Taxi","QjBPvBfmEOkTuZxpKYcrty","btSIOUkdrIatQJjiWCMDkLd","uYEHIssJZqYakU"
"Taxi","ZozqmwXCSgjaOmseCOwlqrKytwgUOz","sLsMK","OMTiBJPLXEijWVCigyGiabrJpQj"
"Taxi","XAEUPNrvhXOvldCUDmTQTFQYhtRqbtZ","YSVyFVQSoAjfhncysRg","txkPRiWKVApzFcYl"
"Taxi","BTazUiAWugTbTusLrUSDb","y","uVFmsYkRxgCZZtv"
"Taxi","FBaYZvbJSRsxeDp","YlIuVnRwqqaXdEJ","HXlNyoXpYBEfiOSwhfP"
"Taxi","A","OiXKrsyOBCjEqGXTSPTaSJMatrhF","ebZfoMIAAQjGyIrYzxhEbRpeQ"
"Taxi","XeD","ZLbuxf","BwEXXjhw"
"Taxi","QZuwbTNxAeoJ","QtTOflXbHOncEUnOvXIXc","fWVIjSlBcJ"
"Taxi","YITraltpvZfJTLmESNnapFhN","sJpgFePnOyns","XVySnCsapwmbCYBG"
"Taxi","eeyfZrJFBNaEuifCNkszyiEoQ","gZMLCkOPXmdXNjx","JYWitjSodgE"
"Taxi","yQYcIOkvAhLTcmYrO","LszOqwGlmyzrhupKjZNKuuiOP","A"
"Taxi","gFhomWJfRGWaenLOfnnbs","vVUNOIIkGfcJxDJJ","ZJbEarRLyuorIWNQOnyxEhUZUSQT"
"Taxi","AwirgqwyeMk","ANvTRlyuhxQOVPbkYtnUGVoPhqgtN","qxpqBvcqbbc"
"Taxi","gbxddUcTxgUrCNPcqDB","qzRqqQguCWqel","AZWGNDbwVydJjUFpuYnYyF"
"Taxi","olqwISJ","OtzCNOSxfoRrtAfJCbmCI","mLHIRhFVIjiziEduCgomzdXPPtQq"
"Taxi","sDNHAyGTnNUJXqHscWZgWZAek","DirveTpIBclzm","LFFPU"
"Taxi","qs","GHGzfbDtBzsLhoyPjMXvK","qrbmqXPOsLZgRVfijYgrjkBScvAf"
"Taxi","FAJPL","UOvna","ZyFprInRwGnCzzKlBKKmer"
"Taxi","IMPAgkNoeYfbFOJRDNjNdmVGBtz","tWTcafmTx","RQraCtCxLklPi"
"Taxi","vKOVaTwAKzvNq","HVrbvjsWywtPAkEusXwpjF","iYAEDphgbEnTsLWMLtXndArryVNN"
"Taxi","NsBBwQCWudVIOdTBGekx","iOK","esleAVkNopHIQgYGLlIATF"
"Taxi","rAv","xsxbMLeWsiF","KoHURsAE"
"Taxi","FZObrvYcJZUdQpkNMRWMnuqMZjGmbG","pqIfdz","l"
"Taxi","CGXKUncoGjNmiufEezsqjyaf","frIBPZPaBSoCKMLUHpjvOgdpkHbj","vyMUyiUot"
"Taxi","vTxvPHxRUSsO","NlVSeUjkrTVXWWjRx","FVXqaXZzZ"
"Taxi","f","UZGjplCWIHgWC","zzgQumDOlHcTKpEDMMQAinV"
"Taxi","aHOczHSZ","RaDcy","blh"
"Taxi","iCGpFLjieraUbUBrfUNpNDetDurdT","EuwhAbssi","VUsjukttLVNgALOeIlaRbcuCmRofUK"
"Taxi","k","WTQmuzKx","QWOsGZtOkrZUwsHIfhAdCfVqsdirC"
"Taxi","svnVdfMIWKK","RTzziBjTVesYHPeRqqnRMqkrUBXhc","uMC"
"Taxi","yWsEJVFyrWhjUrBmye","PrISvXOiTDXRusOyjfHuTWKRwBJOm","gDTFMaFREGoKZovAD"
"Taxi","JABgJQuuFK","RCwdOHKbJuFhfYRW","RxtRlwILVXbRvbIODtPxDYpLArKUnKp"
"Taxi","xzNsZDNC","oNwEKoMHBjAjbiWSSSRpRXL","AURzyt"
"Taxi","lmbnRTFArBmCsVoOcCJNSiiAR","GiEvtzMXGjrOkbSWTmyDBS","ivvEA"
"Taxi","BPQKbPFZ","MkmClFzFUyrbfdGs","vwsjtVleu"
"Taxi","UVNrvjOYQBbPzeteLsatwvGFiQts","NzguJXznivAEBCzNd","AikVFYzzABIXIciOvSgOqPqiBX"
"Taxi","Ebyrzvmdzt","VWTmdEhzBFVRTXZmUxvJSmva","x"
"Taxi","pRATCjAxtoeahnuqTvlBMlDcVUfBfay","STDo","TUfoRTFWHJLIJhaXcZuIhzs"
"Taxi","r","GLgmqINEeckO","E"
"Taxi","KcDFogAcFQmhFHUwjfZqFF","olAXvJyVaIdUIjRDooPEq","bNeMIGAKLz"
"Taxi","fmLLG","FjVTXbAxyytUeUpdT","mxPZDfJpnljucaA"
"Taxi","XcGJ","resTjMbmoOkFbaEzFrWlXC","pwyfLmsdJYRkjim"
"Taxi","rUVcUFrXkDCl","ZroPKZgL","lwMFYNncvLJMfQfrnPnBPGHN"
"Taxi","RaaRZRzdKkbZIPzm","ZTKjOqBNPKtIXorhjjfmCaOsuPxVSvH","FTuYbqcdCouZhBOxhCXLhe"
"Taxi","YowUBLQUE","Um","trzfWzzyVzubjvJIkgGTznStmeK"
"Taxi","qUTKprXzzGKWJTteLLldkvYAfDigjGH","wMxHPeQPF","wnznyWxIEdNybTSltmSVdRr"
"Taxi","TpAGWRBQ","Lds","vNfimICHWvrmiJySnRFutxVr"
"Taxi","FBWS","Bim","pBFK"
"Taxi","KYmCnumaWRAhRoBxTHkhdj","hZzpygzWW","N"
"Taxi","EDGPoWXRYhzLCqZrqc","uhKmBaTubLYSdaWHUJH","mDNEwMzSAIVgFdfXLVgkYpFTU"
"Taxi","eGJkNx","rhlkWokdrIP","wBg"
"Taxi","guXVjlM","hlNFlbpkzznkDqTCbTyzjBs","ETyvemwvoadcvlvrhCDNOq"
"Taxi","yJXkKha","wShXIVYMjWEHQSE","KbkQSblii"
"Taxi","cokqwrDqNcH","gRUMSrpufyRcqQ","OIAFRT"
"Taxi","DKYXDZLrtrJuQBWIDgYyiI","AxVkWjTsIGpzTxFNLKONhVqpFXHLEId","qkGNyIsGNAPkE"
"Taxi","tQCCJSmAVisPEazXFQ","MwmkhrHNzaqwBtVGwiPCbswTskPsm","JqKCfgqVTsAoFTErynF"
"Taxi","cgTjHdfSbFeOIFvNRZksaB","uHmkZMiepnpMzDtKhVhlB","aZSVbLcYnzW"
"Taxi","qAAVxuf","hotdTNumcvVtskDixjrBneWUJHIQj","YOJBDPGnnTRmRWBGLGy"
"Taxi","CS","kC","aVGxQenQnsXwIXJxCE"
"Taxi","uypSsHjephMm","bgJMGnFGFBvfJkmDDuTHUFVKTEct","M"
"Taxi","AEqBlhpyRc","wOnBTUKhZoJuScrpXLjIk","yqWbQeADfDGDCKr"
"Taxi","WF","hXtmlbUPHiKoeWHv","vZIVrwxwGDssxDbUJcQkzKoDlgF"
"Taxi","mfouzbiNkzolSFrPmBspQmSZlfHwjpa","oEbhZUXBUdkMmIsJOnuSaRdTVWJLbZ","kdGIiWEnSFSoE"
"Taxi","AYfryQOoitUd","vgoxhFpdhAsYtAucHKQgAvVrxXYOS","BkzQNZKhibwtlJkYjIefJrwxa"
"Taxi","BbXgeFEANxrEiF","nacCGiPfxCWqsmEfdbMXUCCCzxUB","vanGHwQecmTFS"
"Taxi","VPrbHKWutwfgBBOqUFX","WXgNZ","mxYeebyeFDWUEaRDQNcyWvMcJ"
"Taxi","ytJyNtGTiwZOXxVwz","tGalEUwqlm","hDmmQthYYFjIPondZtQsgrGeEpf"
"Taxi","BdfDGVLepVmyiAqLJPtgxjc","hlHZIrDfNbPBwMjiuaXwYkL","iNYttYiFQxeCkoKfrfoDDihmP"
"Taxi","esgbERkflt","GOV","nbcLSSVMjfBlCbiowTYcG"
"Taxi","wAJLMPeVaDdystZRyWrq","DAXMIcjiBHiaxqH","HWbBGNtnskkhfRKByVq"
"Taxi","JyukSPpmZwsWSQbDSePCfYAHQ","URejUGaycpjpeHvdeBjHEyYdD","diSgsn"
"Taxi","qMQJATcDzqOYckaL","eJcplsIvZrB","sjxPMGYUQYwrnMZncslSqrqhZB"
"Taxi","PRrDlwkWyimpn","oOPviAEANVEUsIdsciNaArPuXnwtI","pMxH"
"Taxi","zewyLlmVqAiYBYXSMzFlvFMMMU","LGtcGLYciKMRVJcoPJkEftUCAxuFdU","XOXLWMWHopdnv"
"Taxi","lkmSxmfzdAmiHSI","qOLUheTMfntjMKLoMFUxVy","Ujt"
"Taxi","eHppUvBxtkWVBoxKEkXDuaeXUvAI","rNtpIiXZzVxcuPIgGd","Rp"
"Taxi","slGBNzdUkDdfVscUXfafUePcl","soJBn","UZfuS"
"Taxi","jjBMSLLSHbKBLTdcutLQHmcYwr","mXvImaolprvquZL","VyT"
"Taxi","UDgzqEzPGMpya","aqZthVONWLnWoilUbWbMoAVMgn","hBEpADQSLgQsixKukmXr"
"Taxi","pBmkgXvSAjWnhgSrtxxGlUCNKUWz","VEtrnGdw","nBRI"
"Taxi","SEQOwCZ","fQTroOgmGCLxm","mcDQGEsfvBpshCUZlRrNPeUifq"
"Taxi","yGrenKpmdoZjoVRBhRDFRQljid","VEA","IPxkgPzosPC"
"Taxi","ipWNYCZUubK","CMeAanTWAFkvU","xb"
"Taxi","DclseQcuYowJuJsysAEowMeYRDl","k","qJVAnNVZCkRHDkEDwiPuUw"
"Taxi","lCcfCjg","Ursda","ngrlEgGmydfQJf"
"Taxi","EVXQaJTbWpZceEvqfsNQckHBDd","bSvQuqqPbGRwfEbT","dHHyCEtwZOgbEP"
"Taxi","VPDshQfIBEUanMgkChfQ","LWnuaEoMMxqn","W"
"Taxi","yjRkmdVpwuzrFOFXvODGZSyLFKV","gGqQNsHf","YTyI"
"Taxi","fHQZ","pAmRvcwdcmr","yLHyylzq"
"Taxi","wojzCtBlWnpEVRQWAGqLkFCjqbFSRR","UMtfIfATbDCsmsVfR","EzbwkWhcpjThQbiDvHfHOCGmidX"
"Taxi","Cx","vbEQGXBbuscZRWyIxWOkvMY","BFrVBTLQXNNUoVBrrgqnsgUPYKbtttV"
"Taxi","XQngBcThqpVNqODawSp","TcRveWPm","vjZxWszSmMbuIaFeLZJBV"
"Taxi","pqrgYEfgBQZscwWwv","exJVjoB","NJoDKy"
"Taxi","qXGsYnOlEVtoPwJbdXzExdWv","QEnx","oJskXwLL"
"Taxi","ehqJJKWOFxxxFeeOcjHTrYJPUxjLQDA","VLmN","XveokBitqjWigvdgAxlFyCLI"
"Taxi","TBoZcebOzpaXIZCoSXesWzkGB","JIXZhPehtwqlQyOKwRnTYjauA","vxjnFNyQhBpFuaQdTrQ"
"Taxi","DkcHUQkNuMolEcDYPG","jwCTSeCODYsELoVqtepGSijxlzk","SndTkKJKKa"
"Taxi","nkYlpfjADcSTDyUMJzF","CdjUpS","foiHRXgtABZoytUPmeVH"
"Taxi","fJMQreaGHnd","zsAayvqGBgDyUMuoBaooJ","SeY"
"Taxi","lGnpmpDuLcCWwviSUKnVxGJJtsu","nBFLxgnMIhwLajpEDruolhda","FIwr"
"Taxi","pKhePbZbIXMhWYlTPHCQQegzbjNO","mMdH","x"
"Taxi","JLKqkRmLoBqMeY","ELHLoSeYgAFmxlBuWtjEADfexbdcH","dLU"
"Taxi","WESQ","egVbikAIRtbbr","EZTeTtUswTGglsiMYlihy"
"Taxi","hISroEwTXbfkekflYym","mhwNlc","uC"
"Taxi","RwftBSsrRQpsaEPWAwfKiipXgehmYv","fNgLpZBCfuyqfz","z"
"Taxi","ubKPFcxZCFxI","pxzv","N"
"Taxi","qlxarvAjdnN","ACAoJyeXrLzqdNNdj","sxVnjJ"
"Taxi","gQRKAUNlMPqaEmZgSKBgSqGFqomq","PYZGtGXudeQMlubLMUIs","JkVgcR"
"Taxi","AJcjHDPEBTvExCaHpZaDWeicaLJXLDc","eKYQGkEcAWlgeIYHVZgdIpfaIs","pEAzw"
"Taxi","DytDw","nshHyKXyfy","DkXUUHiqBDKqd"
"Taxi","fvxNRzti","pjnbvJjiLNNjH","ymVEpQC"
"Taxi","NmDkmkJtBAhfPetwpWd","exaMoNxqdIdjNhWMFoiccHmqdKbmiLb","B"
"Taxi","m","RWjiwktdvNLWGYYsXisGTzAeyb","mXAuLWoPOpnXeH"
"Taxi","VqpNUndfqgPvWaqiamGMlqLrsj","GtvHmnhYDCMHFfQU","cIsbRuEoEmVMcsiMhqPjlgdvDtSBg"
"Taxi","LHKLXsjkW","et","eTRaXjWMNJsn"
"Taxi","efXz","gCIYPQdNRZKkZRyEbxoHvd","XrRUdTiUdLWVVwKdPOsiKx"
"Taxi","uMSLveiziEPfNAyoxZFchCyZNoFZK","utrfuLwawEPREBGJhMxaVImxRxMH","xLSVxrkJvO"
"Taxi","XZuhurwYRBXCrKKaBHSqAllRgbkDr","oAxquvlImhBQizUARkrceF","LOWbndf"
"Taxi","ppcgdpfLRJRHqpnLLDqCU","nsBrGMfgVLWFeHMNJLTTRCJQul","HsHsCaiBWSTIo"
"Taxi","wzjiZRtZVjaOhM","qxudDELqvdxwLRXlVIeIktXeNyxioEa","GNPVCNJWDGKhgaMOE"
"Taxi","EQnKnVpmYsHhYKovAjgh","nnXfpi","T"
"Taxi","IxMkdL","QGnZIhQAvW","OQKuwKUcWNgUUUBX"
"Taxi","WdWbHgcDEIZxVDWMPauw","ZPWQVe","SPhjKow"
"USER","eOMtThyhVNLWUZNRcBaQKxI","yedUsFwdkelQbxeTeQOvaScfqIOOmaa","JxkyvRnL","101"
"USER","dpHYZGhtgdntugzvvKAXLhM","LlN","gNfZBdyFGRajVfJNonEnOinZj","178"
"USER","YdvDhtAsLghPXAgtbprXPZkhnfLTBSX","sPB","Oxm","182"
"USER","aofGvthLoyPLDADYzx","WoaMAzEEplqjJ","jNBgpTmxx","74"
"USER","PBzMiJFouxILNv","FthRIkE","gEYzhlSTPkcSUyTSbBkU","190"
"USER","Wru","zGVyIdgFUYNdkFYkkjNIeENlreqFLC","MFOPluIOMfSnzX","44"
"USER","teOlrImKiDpJbLDnvK","DiACnbEKIFidn","AzTaco","130"
"USER","LcdeWTdXPlQgjMVXbpRYzBT","jzlglRKAeamYUmWJtnJZLqwakeYcea","YFBlWcoVdFXlfhbUilkMpiHDMU","197"
"USER","WtKhlfZzDZ","xlpKnXmsjfwUTYgfExSOnq","wXgwbUXmExZAqY","170"
"USER","zQeAydAJIwkGuKWiVZLRcElhreuxvw","YVeSelxWdEtYtJHV","etgDUdmb","32"
"USER","VIhYOTAybWXyBzGqRe","wKkOqxJSqDjAtcDF","MMSKu","21"
"USER","MedmIqFUtdxTB","RRVabC","DwmrfUyJVSbdBFIyjTfpDItaXB","100"
"USER","O","bplgXS","PAgcjtZAOBahwMGwNikIaKuxYYVASJc","107"
"USER","FkG","BXjwiQjQKBhPbNYa","oDLDPR","184"
"USER","JUt","jWgnTkIeIrtqMPl","BIJtaer","88"
"USER","rDetIVodUvethundXqBJQ","qPFJOkHIpWuqUBpPiSGKutNzPuBDe","ZfevGGIyInuRGUCg","144"
"USER","ZBzhTZzyzEYLAEhIrdjvCmERMl","QwRtlgJMzFfzLvgGOdyoxJF","IVsRIMiVnPwvmkahoHdVyCizi","30"
"USER","n","MJunJ","PSxwMDkpVdpPPmMkvQzMPMzmv","146"
"USER","TqAeeGGOsayeZaiid","NlrPLOmYMZqH","xETBnrbhFb","68"
"USER","r","GeRegVvr","tUcZv","172"
"USER","vXnsKKeWRvXUOo","MFOntGwQ","OupyXNhMOUjVDsG","12"
"USER","xOAwBtmfSwKEpYp","QmhGWhGIMrvodaRacatwcYZz","QRMJmsdQDOgtFXhTSqWHdFjjbPJ","195"
"USER","eulM","ShbjkpWHaCgIH","DqpvBvXwUntedYgKyfsYslKCiAqRV","23"
"USER","XMQZIeIMC","cDoozHPdtFuXbglQmPpfaFWCNHGlJ","ZvyxlRcjBqfswv","100"
"USER","blYrsQFiCOxvKWEjrAsPDzKxhf","mjLgOGYauEgmMmxBzA","LR","181"
"USER","GsdXQSbMazTniYZanZqNTl","kfPAjvyKPihCrCmzoRxLcQsxVLytaE","SEowKE","29"
"USER","yaVUnOnIbTeygCJPTWqGbAIxv","EMePviztmdfqpvNrRqHVbFAphbnBMTI","ROL","108"
"USER","iPMA","OQVnUwQPraJHLPr","y","43"
"USER","CgyZxbpsUGupqoy","QpVRFpRXlWkaZgdLUFlWyKvdrHf","KgZIFWDnwypaEupdRXDoXqDqJYSu","196"
"USER","hexbZwMuoE","MhthsxzczLQLnnaShLWsrKonDTdxYM","grEFTmbXZsOtJZgOSYbvqFYoiR","61"
"USER","fp","VNAHfDSY","vGOosmixlhAkVJqloTKfzouiPpa","86"
"USER","OcAqemov","uDfYPYRKGLkCycEvgJBLFguQPIDKGTe","LyuwQleqFmPPghIgjPIbCvcLfvZgLto","1"
"USER","iHIVvNkATvQKBNBcIltsNMyznxPlsr","ucWTgYTk","yMPChSB","99"
"USER","tAnEMeXnRAVNUSkRy","rsiAhLzZQryGvbioU","IMmhLOqDltfUwA","54"
"USER","wTiYlONPbytccZevAHtGXfY","KqoANO","Fh","116"
"USER","ePwoqFBxBHAcdvXeItY","cffjPqMDHeAwhGweLJpL","Ko","197"
"USER","ZIkowQoBkpSHWpDJcdJoylO","JWekLYCilwsmSglpMXbLsYY","TZxz","150"
"USER","OqcjIO","MRvUFXXnMrEml","lBwZlNVKwsmgT","109"
"USER","SOtkMbpZjumQOYEaaDWymzE","pIwdYgEQzAPpmGvvtncdxYgVq","cwOMAnizMjcHvTdAqEeTahiGze","152"
"USER","ZozqmwXCSgjaOmseCOwlqrKytwgUOz","sLsMK","OMTiBJPLXEijWVCigyGiabrJpQj","100"
"USER","BTazUiAWugTbTusLrUSDb","y","uVFmsYkRxgCZZtv","86"
"USER","A","OiXKrsyOBCjEqGXTSPTaSJMatrhF","ebZfoMIAAQjGyIrYzxhEbRpeQ","179"
"USER","QZuwbTNxAeoJ","QtTOflXbHOncEUnOvXIXc","fWVIjSlBcJ","129"
"USER","eeyfZrJFBNaEuifCNkszyiEoQ","gZMLCkOPXmdXNjx","JYWitjSodgE","43"
"USER","gFhomWJfRGWaenLOfnnbs","vVUNOIIkGfcJxDJJ","ZJbEarRLyuorIWNQOnyxEhUZUSQT","169"
"USER","gbxddUcTxgUrCNPcqDB","qzRqqQguCWqel","AZWGNDbwVydJjUFpuYnYyF","48"
"USER","sDNHAyGTnNUJXqHscWZgWZAek","DirveTpIBclzm","LFFPU","183"
"USER","FAJPL","UOvna","ZyFprInRwGnCzzKlBKKmer","11"
"USER","vKOVaTwAKzvNq","HVrbvjsWywtPAkEusXwpjF","iYAEDphgbEnTsLWMLtXndArryVNN","198"
"USER","rAv","xsxbMLeWsiF","KoHURsAE","117"
"USER","CGXKUncoGjNmiufEezsqjyaf","frIBPZPaBSoCKMLUHpjvOgdpkHbj","vyMUyiUot","20"
"USER","f","UZGjplCWIHgWC","zzgQumDOlHcTKpEDMMQAinV","120"
"USER","iCGpFLjieraUbUBrfUNpNDetDurdT","EuwhAbssi","VUsjukttLVNgALOeIlaRbcuCmRofUK","55"
"USER","svnVdfMIWKK","RTzziBjTVesYHPeRqqnRMqkrUBXhc","uMC","73"
"USER","JABgJQuuFK","RCwdOHKbJuFhfYRW","RxtRlwILVXbRvbIODtPxDYpLArKUnKp","89"
"USER","lmbnRTFArBmCsVoOcCJNSiiAR","GiEvtzMXGjrOkbSWTmyDBS","ivvEA","100"
"USER","UVNrvjOYQBbPzeteLsatwvGFiQts","NzguJXznivAEBCzNd","AikVFYzzABIXIciOvSgOqPqiBX","9"
"USER","pRATCjAxtoeahnuqTvlBMlDcVUfBfay","STDo","TUfoRTFWHJLIJhaXcZuIhzs","177"
"USER","KcDFogAcFQmhFHUwjfZqFF","olAXvJyVaIdUIjRDooPEq","bNeMIGAKLz","10"
"USER","XcGJ","resTjMbmoOkFbaEzFrWlXC","pwyfLmsdJYRkjim","192"
"USER","RaaRZRzdKkbZIPzm","ZTKjOqBNPKtIXorhjjfmCaOsuPxVSvH","FTuYbqcdCouZhBOxhCXLhe","54"
"USER","qUTKprXzzGKWJTteLLldkvYAfDigjGH","wMxHPeQPF","wnznyWxIEdNybTSltmSVdRr","1"
"USER","FBWS","Bim","pBFK","162"
"USER","EDGPoWXRYhzLCqZrqc","uhKmBaTubLYSdaWHUJH","mDNEwMzSAIVgFdfXLVgkYpFTU","143"
"USER","guXVjlM","hlNFlbpkzznkDqTCbTyzjBs","ETyvemwvoadcvlvrhCDNOq","179"
"USER","cokqwrDqNcH","gRUMSrpufyRcqQ","OIAFRT","123"
"USER","tQCCJSmAVisPEazXFQ","MwmkhrHNzaqwBtVGwiPCbswTskPsm","JqKCfgqVTsAoFTErynF","67"
"USER","qAAVxuf","hotdTNumcvVtskDixjrBneWUJHIQj","YOJBDPGnnTRmRWBGLGy","43"
"USER","uypSsHjephMm","bgJMGnFGFBvfJkmDDuTHUFVKTEct","M","73"
"USER","WF","hXtmlbUPHiKoeWHv","vZIVrwxwGDssxDbUJcQkzKoDlgF","5"
"USER","AYfryQOoitUd","vgoxhFpdhAsYtAucHKQgAvVrxXYOS","BkzQNZKhibwtlJkYjIefJrwxa","179"
"USER","VPrbHKWutwfgBBOqUFX","WXgNZ","mxYeebyeFDWUEaRDQNcyWvMcJ","13"
"USER","BdfDGVLepVmyiAqLJPtgxjc","hlHZIrDfNbPBwMjiuaXwYkL","iNYttYiFQxeCkoKfrfoDDihmP","134"
"USER","wAJLMPeVaDdystZRyWrq","DAXMIcjiBHiaxqH","HWbBGNtnskkhfRKByVq","64"
"USER","qMQJATcDzqOYckaL","eJcplsIvZrB","sjxPMGYUQYwrnMZncslSqrqhZB","7"
"USER","zewyLlmVqAiYBYXSMzFlvFMMMU","LGtcGLYciKMRVJcoPJkEftUCAxuFdU","XOXLWMWHopdnv","148"
"USER","eHppUvBxtkWVBoxKEkXDuaeXUvAI","rNtpIiXZzVxcuPIgGd","Rp","199"
"USER","jjBMSLLSHbKBLTdcutLQHmcYwr","mXvImaolprvquZL","VyT","62"
"USER","pBmkgXvSAjWnhgSrtxxGlUCNKUWz","VEtrnGdw","nBRI","103"
"USER","yGrenKpmdoZjoVRBhRDFRQljid","VEA","IPxkgPzosPC","77"
"USER","DclseQcuYowJuJsysAEowMeYRDl","k","qJVAnNVZCkRHDkEDwiPuUw","26"
"USER","EVXQaJTbWpZceEvqfsNQckHBDd","bSvQuqqPbGRwfEbT","dHHyCEtwZOgbEP","197"
"USER","yjRkmdVpwuzrFOFXvODGZSyLFKV","gGqQNsHf","YTyI","174"
"USER","wojzCtBlWnpEVRQWAGqLkFCjqbFSRR","UMtfIfATbDCsmsVfR","EzbwkWhcpjThQbiDvHfHOCGmidX","21"
"USER","XQngBcThqpVNqODawSp","TcRveWPm","vjZxWszSmMbuIaFeLZJBV","21"
"USER","qXGsYnOlEVtoPwJbdXzExdWv","QEnx","oJskXwLL","73"
"USER","TBoZcebOzpaXIZCoSXesWzkGB","JIXZhPehtwqlQyOKwRnTYjauA","vxjnFNyQhBpFuaQdTrQ","113"
"USER","nkYlpfjADcSTDyUMJzF","CdjUpS","foiHRXgtABZoytUPmeVH","138"
"USER","lGnpmpDuLcCWwviSUKnVxGJJtsu","nBFLxgnMIhwLajpEDruolhda","FIwr","82"
"USER","JLKqkRmLoBqMeY","ELHLoSeYgAFmxlBuWtjEADfexbdcH","dLU","23"
"USER","hISroEwTXbfkekflYym","mhwNlc","uC","4"
"USER","ubKPFcxZCFxI","pxzv","N","106"
"USER","gQRKAUNlMPqaEmZgSKBgSqGFqomq","PYZGtGXudeQMlubLMUIs","JkVgcR","48"
"USER","DytDw","nshHyKXyfy","DkXUUHiqBDKqd","94"
"USER","NmDkmkJtBAhfPetwpWd","exaMoNxqdIdjNhWMFoiccHmqdKbmiLb","B","158"
"USER","VqpNUndfqgPvWaqiamGMlqLrsj","GtvHmnhYDCMHFfQU","cIsbRuEoEmVMcsiMhqPjlgdvDtSBg","9"
"USER","efXz","gCIYPQdNRZKkZRyEbxoHvd","XrRUdTiUdLWVVwKdPOsiKx","158"
"USER","XZuhurwYRBXCrKKaBHSqAllRgbkDr","oAxquvlImhBQizUARkrceF","LOWbndf","2"
"USER","wzjiZRtZVjaOhM","qxudDELqvdxwLRXlVIeIktXeNyxioEa","GNPVCNJWDGKhgaMOE","79"
"USER","IxMkdL","QGnZIhQAvW","OQKuwKUcWNgUUUBX","177"
"USER","i","lFfHnwuAAngVPxOmxyZPDtRzXSHbmTo","kZkYqhGDjqlSgPyJmzQojxD","182"
"USER","QRkivPJmLXRaomhPqYNDG","NlTARwGywNwKCKd","abtQvrisZWeAuaRFyCLVFQ","152"
"USER","n","LKbGrBMFQC","HCODqlmNsZoamsqrDUCB","61"
"USER","RAFDLPQQuHkzdb","sddFiixxQTMrQYIRgfBNdz","NjvcDuesidVHfcEkPBaBrSlKPVUh","153"
"USER","aRVyuLddrSrngVwNELOxJtCwhm","iOoEkK","NjFMvmdhnuQxlX","101"
"USER","xkekLwIN","eWBWoILqfmousnjJc","NFBFdhIshPRUppUtpYw","105"
"USER","ENelIuFjBRVqZfrFTXfaSbh","AHsBiSkVYWd","TxmnNMvPxTPwlBAAoPzFAsRRT","181"
"USER","nlDgXEGTktBruqq","gEDVkgHGanSdhtgrPrlsze","BVuLEinaSAXEdOUrPvWtAGTzVOfM","74"
"USER","b","mCnCUHXClesSpKoQuFubledeC","PREKfuylhspChntCyAb","51"
"USER","DydQOSoH","QcLgmGrsl","lYAEFRhXKUXGCAaecHngMlXUnXu","26"
"USER","wLnJAdUJdQFMfWyKAXQiAWFowvaigHY","ItEaGikAWH","BpTTbzEfdzekdoaucGfDfQpH","142"
"USER","SwDQaijeYKbpPi","RPPbMBmmmFpmq","qNLYddW","58"
"USER","eh","gFTYRiMIAVkRN","wnoKEhiAjqMqWQEaBn","33"
"USER","OvATLsbyzzHQKqovdRChYN","NHuCXtLDfiFFjw","MneyLdXmJDGKKKAacCjFBTL","45"
"USER","dbqsbrgrLIymUVdjlYRnmfASm","QbFfHwtYWCzyONixAeYjUi","MFBNxNbVNPblPTsLK","83"
"USER","umtRYvWN","g","cYIjzJyXhuOkfDmhBUMnCxlHDZxQPvh","117"
"USER","ssLXZocjINHFzMDWznICJsFpunJC","ihHjTTsEGpgEvUsF","eDPhVZqZuEySftWsVgLjZBVy","152"
"USER","RQROVwCcIinbgvMATVPkCu","MwuizzlPCgKhAuztiTZYhkmVhPqZYAr","WaOIeyOUnDddElLQtXYBkZQ","176"
"USER","rEbYhMvJCJoP","SnMbRDljzJT","aKRYqXLNfxK","152"
"USER","LYBrUxIZ","RW","aTQdabdircPz","183"
"USER","EPrMBtqdBRWWjRiTGhWuJNgPJouFb","TSiZRpVBRoinDpHLUdzaOop","vHHOXxumqvBtRgwDJ","178"
"USER","xRZCqkPGnu","RuZ","uOmPKHHaKjDXNfZZRTtHBpDIO","128"
"USER","tYyNSCYdjJGNcTKziVsFic","VAJJA","yUYj","194"
"USER","LYBGAUWHm","hRHoDR","zdFPZCQRYOLTm","5"
"USER","BKlHMSoDdNgiiTsjldlDAcFkV","ZQA","UCrAfOYwRvclWhQanYuKlnPmhX","82"
"USER","FKBFbWYUxaVnVyhYXcMK","vVyjVVXajflRwdZiEYrsv","jmdVKpeMmXzOrNCBnLPMeF","176"
"USER","qwIc","ftE","OIhUxCgtsJ","118"
"USER","zTrhuIcbiMWLCI","qEQEcnOahcPQPfoSGIRRYNGjnsH","rjYDEjfqKQRaNNtsKTbBcFevw","49"
"USER","brSUGwOduZvsbpkxltqD","hqY","IFk","34"
"USER","tGozJcum","HurfAmxNqQgSqth","DWuDqwWNmrAsmryeBH","47"
"USER","QsBOiKfuGEoBvCbEAfRABtwF","FhDtJIFIDI","JPgQHkEpJWAuZCefSO","110"
"USER","vdlYwGUiHoXooZOiA","BgEOzqb","cvAHMehFaNyINUyfrKxmxhjCmX","34"
"USER","BGEEXLsPeNEFsi","QAyzBggVxIBZNzDpAVJe","BpjuMxifEIcaNLmSxe","138"
"USER","NifxunJ","rNjEShZrH","xUXZLsiCILswQxcidEXOrmoNfVO","110"
"USER","LgFxyCuSHmsSXjiYyHgnCOzk","zCmXMMcdcvSYOsWwDmSrpveJiRAGvoP","YrsXRcfdmYELDyzigDrwbc","118"
"USER","vkkLs","uxTWjTVjhcKjkQzqNKqPk","rk","12"
"USER","NrxMJR","YEZbZHvhwelJcwYpeOJFQ","hTNAwWAdrGBDrDLsgBg","36"
"USER","dNHorIPZcUIAsnToHXJHT","pcmeudVULShLgMRPcV","MQqkoneVDlQwgPZOlXM","81"
"USER","qzJtZHgkUUyUlyxuxuVJiYubBzIK","rcgz","hNvmysaxUFsjgasRkWmIXJZfkhdfH","196"
"USER","LAogTNsBsaAJeUo","Tqi","mZnrmDgmu","74"
"USER","LPcWnNhfXZqkdNRtH","GLLmyufxMIhmukCjDS","LjfhhsQpzgKAbIoOuNScNH","107"
"USER","gqYjcSa","voXJriQqWSbIjIw","Qnra","44"
"USER","jGRloSEcmGYYfXPfjR","zOjThA","aLVHnsSaSUOPoFvZPAi","104"
"USER","dtWNyfIPDfPwyacHc","iBWthObkDKoCXcysqljgqh","YnNXutPZfcixBiJG","40"
"USER","GwPDqK","QrvzcODbERGXWvwuGzRCdC","LvfgbuTtQTjXBUazbIFGsgJ","52"
"USER","KRrYxaHgjfnNHZdwzIuFCmsPqAC","FMP","njsiSxrPm","25"
"USER","akZlyGccOttckdepgjTa","AzvVIsnfqdxZvVFzogZHYSojnC","iVVvePZLNfdQKxfTEw","144"
"USER","wLfzGnVVBuzrWfOf","ZHRugpULAlNYZHiPfPoAUoRyX","yKPatBScrHopmfnmMdYB","20"
"USER","UDjgRhUlvCzjG","kj","sOdp","100"
"USER","NVOtLbtxEOwImusTgNkRImi","DNcFEsXxNppvoyJIzT","VacmO","189"
"USER","LFJvYnTDp","wxNiMTFmUHruGmPX","IAkPYFcpvqYktsinqIfiFEjEZqUFMf","2"
"USER","fMZrqexoJfIeFpYbpvwMEfgYJNGcGla","TCspoGInFtmjqFqYPOKJ","rHErwECfQhnzeuYyVoUbdEtfIwtbx","162"
"USER","PtoZqwTudPVMWDrD","PKzNxKMzs","xcZULnApYyrzXSPegsxrlmJxyPgW","135"
"USER","wtKwPXhucMyeUZEoUwCRkx","UAZGgJDa","umnecKBjUwS","174"
"USER","LgxjHLsjnrTNHIMKPtDUCKhBhi","SByIKKsShfJyDicpHHqSwbjjVCdeR","VcrzHfuRDEl","51"
"USER","AENDfUGjDoarncKHsewFobEZpYn","KjbMIQWtyJjNUmnAJGXrugvuGQewXj","iOgrCdWFTuMwsPVDqxfjntfcjAS","6"
"USER","abGcqeuexTQhPVDdhI","al","RbSQJsfsVRezmnkHufdnCSuo","115"
"USER","tQallHvkiQhXsTNRI","oVeXtmLDLRfbFxsElTIiYIElB","gABaAB","149"
"USER","LBKWPNlbShCMhrtsXHNSZDPTmely","izSRwNbChNbbBkQeEAtUeitmUOlgDW","nCrQzwpgeaebfRMiauIetoWltEwXBuG","121"
"USER","NzGVJpIKCNQRTjpyLGp","GuKbrYNciuCeDmibEBGCzgXVC","RRYpIuiPebmmVQXCWNdcM","60"
"USER","YBuSuacFYDBgg","iyWeXzReBcLVEd","aUTVCWUM","153"
"USER","mMzcaHc","TNKEgIrlpnuppkSIbSBvWeR","OpFF","34"
"USER","zgCQJpBheyMAy","v","HQGlUq","122"
"USER","LbotIYoHrYtsJMv","mZftrVhWhJZwKOkFNiukmWL","uxFyjWFqaGt","8"
"USER","YDIUwXPkhXeEGrqgybfTI","MgScozNnhbXHBsct","sqvcqGuPUCoEBQVM","150"
"USER","qIQNrcJrycANIAKyYeusJTtEmLV","MRNGWrITJBTgcDoUXRQyqnahQTn","sZmmFkwqlxdVCjgmeSUHMr","94"
"USER","XjNricGvmgFyyuCkD","egvyJswq","xxFcEfJFKgcjEmncYEYQc","114"
"USER","quia","gbowinAvfpUsaJASDOIKAbqSA","hSlabpVulwEopSVgPxVTRDOwAovV","98"
"USER","fDYlVtBjL","ilPkDpNPwGYfo","xKyezfXWNcarOQJfnGM","171"
"USER","cJhdJJyDkRaUbgMkgbzJfvdzaWDSm","RWYZwyLpWOFVlLSHiKvDNR","YeLKpjmBC","11"
"USER","ifiSquj","pFoMMGJfIblHLelXakkwzshDVjPb","ogsiarpuVQTMP","169"
"USER","mb","IYUiQomPCRxZDUELh","kLaBjDxm","144"
"USER","mhuSRTKSL","Yazfd","CHrfOyxIZedJAVZmHKYOWTsGdDDmWI","54"
"USER","abbLthKCjZiWxvjEKruhM","HnMO","DKFxADBtVoTJiHWScRJRfShQOjNEoLA","37"
"USER","WbmJLlEuHzz","RUUZUzyziMRdwlLPJxWbYPZCeLI","TLnvvyeyrpmOrMsOYpyYGhdn","75"
"USER","pGcotjaAr","LowBzJhUUmAtfryjTQxaGCTJtQ","VEMZnAjUnPzwTiQbhqzZCvlGSnEkA","147"
"USER","OHdtJgEIMUZ","fuIIGdXsvEATICEfsPabSPUvSaEema","fDFoVjYiIwJSHmtozrRDdTmBR","127"
"USER","DJieWgCIelTITTKEXAtpVQwLL","psBZiCtzKAZtkOdRMKxRVdQkDO","jJFujnHX","137"
"USER","SccWjhtqKpqqn","SDzJsdukgiatg","XBVBGGyU","106"
"USER","RUPVSpoOgR","VVpCCOaMsVVNpyOhzDcnypgyoHK","GKJNRZNyiYghOOXSoIFvg","122"
"USER","THiQE","SwphivaktHTSNbkS","JgBLIWRSK","23"
"USER","GilukBnhuzjGMtFCYogVjqa","tJZpoEhjohSSnncOvoyAAW","bGBvDteuLikPsJXtSH","40"
"USER","BOfeJGtaaRAGhTAuyPYuMLtNYbbZFhn","vP","MqoHTdRjiSwPiPvryujnOpredHy","185"
"USER","zXNRBaZsRQslDVBWqZKqlh","fP","LiCtqKG","99"
"USER","knbW","gWghjNedNUSiGMBccgurJ","yRRGalrdXxTpETmLblDDKUQiKjhKZ","139"
"USER","ksvaXP","jARgyJUnPAee","ExdHkmTr","145"
"USER","bzaXhjvHcqwFIvigVTTBbqSyKgdS","AZYieoHuZYRSrcpDBR","SaCRIgNvLhL","144"
"USER","UsQHbcqRPdRSGCp","rrPTtjMhUqhOsZiKPdCmX","dwFbQu","71"
"USER","N","aHBnLZRihRPfKgclq","VCTFanYvtxbqbcxzqRq","132"
"USER","luvYCOlsCGkamufjYUswysiJOJWdy","wDktXEjW","DYQoqQucgRwhX","143"
"USER","wxexLqvCohilRTAGBoXNTpXZJI","odpehzvEQtAlyzg","R","36"
"USER","augPzILyxwmWUIHsfirQoZYqqrb","cnf","R","46"
"USER","ZrIuvnpUKNCOJtvScxpFhWdYidxtm","BzClAAacAaHivrnOeGLmHsLJTzPFPi","UMUSLqatnwmvzrfZxCfmqqLEfKsjJE","193"
"USER","zBcVtrDKqkDnBgOvYf","GyWETtROnAAHVJXoTfjvhx","bNzNltRaWNWKNZLJdBNLCUFsdzxWj","94"
"USER","q","kFNaulhsVUPkLlcc","LbZXgVrcPF","42"
"USER","ZLDLZayvTHIBgkwPZoPRzmlUBSl","XgALgDdY","XdaeyVJnlCDtHQEQOGwMXVDBdCZ","167"
"USER","fgnVi","CTHZZifXidz","MgGIadwoyylAHzYhgmEDIUSwkiDvUd","91"
"USER","wXURSdlnMxGx","yqzeLcgBfwyOyfVmQNIqXbGS","O","17"
"USER","VZkVpmAVjcjU","OCMKdxRURgKQtPzBQbrmeGqL","UYebaRTxPlBZAf","194"
"USER","jo","fVIhGFYtkWPYdFCXzaPxSQOzvb","rAjAoGzqYrGuUoTIBzZpuOmaiMsjfU","90"
"Route","eOMtThyhVNLWUZNRcBaQKxI","yedUsFwdkelQbxeTeQOvaScfqIOOmaa","143","101"
"Route","qszYL","YdvDhtAsLghPXAgtbprXPZkhnfLTBSX","27","182"
"Route","ODRhfGEfX","IoTtOmcBeivNUYv","17","190"
"Route","HuubOREhRXJoDCVcLCRmll","oBeMdQkAoYZDjfWhbzkmA","75","130"
"Route","YFBlWcoVdFXlfhbUilkMpiHDMU","veErKUBEqCrhrtgx","188","170"
"Route","YVeSelxWdEtYtJHV","etgDUdmb","73","21"
"Route","MedmIqFUtdxTB","RRVabC","16","107"
"Route","YIvewgAhbiAslSgvGJGPPEpl","FkG","123","88"
"Route","IgYnmBOoTiRwXILYPxNoVlgkbSZ","tOXr","191","30"
"Route","hprfcQEahQopqOKigBgIR","bVxIKizEZqcOHAtUBCLrP","70","68"
"Route","xETBnrbhFb","MsMopQF","86","12"
"Route","MFOntGwQ","OupyXNhMOUjVDsG","86","23"
"Route","eulM","ShbjkpWHaCgIH","13","181"
"Route","rNdKIneNxIvWnrOaoRCo","blYrsQFiCOxvKWEjrAsPDzKxhf","66","108"
"Route","fpMv","tcjfPJOVHQjmVCgCePeHOE","194","196"
"Route","XdgmWNbwLUXUeMm","wWThmFgf","37","86"
"Route","grEFTmbXZsOtJZgOSYbvqFYoiR","AvQVzKwsYr","59","99"
"Route","uDfYPYRKGLkCycEvgJBLFguQPIDKGTe","LyuwQleqFmPPghIgjPIbCvcLfvZgLto","119","116"
"Route","tAnEMeXnRAVNUSkRy","rsiAhLzZQryGvbioU","52","150"
"Route","VbdTtMjmWLVJdmhpPdXcLEO","ePwoqFBxBHAcdvXeItY","174","152"
"Route","wZLkKFyzvANf","vfGUbqPjfDQjzUXCKwu","106","86"
"Route","QjBPvBfmEOkTuZxpKYcrty","btSIOUkdrIatQJjiWCMDkLd","152","129"
"Route","uVFmsYkRxgCZZtv","FBaYZvbJSRsxeDp","186","169"
"Route","QtTOflXbHOncEUnOvXIXc","fWVIjSlBcJ","107","183"
"Route","gFhomWJfRGWaenLOfnnbs","vVUNOIIkGfcJxDJJ","154","198"
"Route","mLHIRhFVIjiziEduCgomzdXPPtQq","sDNHAyGTnNUJXqHscWZgWZAek","179","20"
"Route","tWTcafmTx","RQraCtCxLklPi","1","55"
"Route","FZObrvYcJZUdQpkNMRWMnuqMZjGmbG","pqIfdz","41","89"
"Route","zzgQumDOlHcTKpEDMMQAinV","aHOczHSZ","143","9"
"Route","RTzziBjTVesYHPeRqqnRMqkrUBXhc","uMC","189","10"
"Route","lmbnRTFArBmCsVoOcCJNSiiAR","GiEvtzMXGjrOkbSWTmyDBS","32","54"
"Route","x","pRATCjAxtoeahnuqTvlBMlDcVUfBfay","141","162"
"Route","FjVTXbAxyytUeUpdT","mxPZDfJpnljucaA","36","179"
"Route","YowUBLQUE","Um","83","67"
"Route","pBFK","KYmCnumaWRAhRoBxTHkhdj","99","73"
"Route","hlNFlbpkzznkDqTCbTyzjBs","ETyvemwvoadcvlvrhCDNOq","160","179"
"Route","tQCCJSmAVisPEazXFQ","MwmkhrHNzaqwBtVGwiPCbswTskPsm","12","134"
"Route","aVGxQenQnsXwIXJxCE","uypSsHjephMm","81","7"
"Route","oEbhZUXBUdkMmIsJOnuSaRdTVWJLbZ","kdGIiWEnSFSoE","122","199"
"Route","ytJyNtGTiwZOXxVwz","tGalEUwqlm","99","103"
"Route","HWbBGNtnskkhfRKByVq","JyukSPpmZwsWSQbDSePCfYAHQ","194","26"
"Route","LGtcGLYciKMRVJcoPJkEftUCAxuFdU","XOXLWMWHopdnv","44","174"
"Route","jjBMSLLSHbKBLTdcutLQHmcYwr","mXvImaolprvquZL","149","21"
"Route","mcDQGEsfvBpshCUZlRrNPeUifq","yGrenKpmdoZjoVRBhRDFRQljid","14","113"
"Route","Ursda","ngrlEgGmydfQJf","184","82"
"Route","fHQZ","pAmRvcwdcmr","177","4"
"Route","vjZxWszSmMbuIaFeLZJBV","pqrgYEfgBQZscwWwv","135","48"
"Route","JIXZhPehtwqlQyOKwRnTYjauA","vxjnFNyQhBpFuaQdTrQ","93","158"
"Route","lGnpmpDuLcCWwviSUKnVxGJJtsu","nBFLxgnMIhwLajpEDruolhda","178","158"
"Route","EZTeTtUswTGglsiMYlihy","hISroEwTXbfkekflYym","67","79"
"Route","ACAoJyeXrLzqdNNdj","sxVnjJ","174","182"
"Route","fvxNRzti","pjnbvJjiLNNjH","169","61"
"Route","cIsbRuEoEmVMcsiMhqPjlgdvDtSBg","LHKLXsjkW","35","101"
"Route","oAxquvlImhBQizUARkrceF","LOWbndf","140","181"
"Route","IxMkdL","QGnZIhQAvW","58","51"
"Route","JApfIMIehBlcdmleXBlrBcevTyVE","QRkivPJmLXRaomhPqYNDG","66","142"
"Route","JhmajiFIjCMHbF","ccvKIJH","122","33"
"Route","kQpiiHV","tpUAH","73","83"
"Route","TxmnNMvPxTPwlBAAoPzFAsRRT","vkrmerrtlHCcnOksxhTiuWBZ","62","152"
"Route","mCnCUHXClesSpKoQuFubledeC","PREKfuylhspChntCyAb","123","152"
"Route","wLnJAdUJdQFMfWyKAXQiAWFowvaigHY","ItEaGikAWH","107","178"
"Route","qlaubsEWyAWSOKZIWZxsQ","eh","16","194"
"Route","g","uNumLDdzHithvWZKnKFMxm","96","82"
"Route","cYuoHlidLoIesrKatCZ","LlnkOfqWEvoFlAwWbopV","30","118"
"Route","WaOIeyOUnDddElLQtXYBkZQ","ciOgJA","75","34"
"Route","RW","aTQdabdircPz","185","110"
"Route","xRZCqkPGnu","RuZ","29","138"
"Route","wwkT","LYBGAUWHm","34","118"
"Route","usVSTtCxBuCQqJAJkoIqHa","DiamtpdhUzwRT","193","36"
"Route","KOtGIBbgcdZFBH","TZOxnma","151","196"
"Route","IFk","dgbYQwGqYe","121","107"
"Route","FhDtJIFIDI","JPgQHkEpJWAuZCefSO","183","104"
"Route","BGEEXLsPeNEFsi","QAyzBggVxIBZNzDpAVJe","103","52"
"Route","gaYLnmdmqbbAyubTaibY","LgFxyCuSHmsSXjiYyHgnCOzk","194","144"
"Route","jBEVw","AjMdAmCkjnXEAhfJCbVPadCy","70","100"
"Route","Tu","lJNDyYRdRjMpTJkTBSFNqchpIjLzBuo","52","2"
"Route","mZnrmDgmu","zaiNuapRPDzPyCbHbT","1","135"
"Route","voXJriQqWSbIjIw","Qnra","103","51"
"Route","dtWNyfIPDfPwyacHc","iBWthObkDKoCXcysqljgqh","99","115"
"Route","RAJdfsBqoxzaaqZww","KRrYxaHgjfnNHZdwzIuFCmsPqAC","24","121"
"Route","AyReqnbHBlxIzvHnWcqxIzWYPs","nEDjGjFdTOcHzISwnlAwQRzzCNZ","140","153"
"Route","yHx","SLCUQVdPwhgvSl","47","122"
"Route","IAkPYFcpvqYktsinqIfiFEjEZqUFMf","DnwvXeyXs","174","150"
"Route","PKzNxKMzs","xcZULnApYyrzXSPegsxrlmJxyPgW","17","114"
"Route","LgxjHLsjnrTNHIMKPtDUCKhBhi","SByIKKsShfJyDicpHHqSwbjjVCdeR","32","171"
"Route","OzzDFUgUMkelFPfSkGjIykjImxQmGEq","abGcqeuexTQhPVDdhI","122","169"
"Route","jlirbzHQyTWHoocIvsnD","LhRGrfKXcCstfVoKeXAdEcLlxweKP","131","54"
"Route","dQguf","LqRtMpoBPWBEATZN","18","75"
"Route","OpFF","REknBVZnhaKiAIQCLglpcbLaLfubrS","91","127"
"Route","mZftrVhWhJZwKOkFNiukmWL","uxFyjWFqaGt","42","106"
"Route","qIQNrcJrycANIAKyYeusJTtEmLV","MRNGWrITJBTgcDoUXRQyqnahQTn","25","23"
"Route","BfMkPFXqqktH","quia","35","185"
"Route","hwCXY","UnmoeAHqbjlumyHastBZcEtJxijWY","49","139"
"Route","ufxLKnCOzLOWmAe","wjYIE","64","144"
"Route","CHrfOyxIZedJAVZmHKYOWTsGdDDmWI","iKLDRoptjoGfd","139","132"
"Route","RUUZUzyziMRdwlLPJxWbYPZCeLI","TLnvvyeyrpmOrMsOYpyYGhdn","131","36"
"Route","OHdtJgEIMUZ","fuIIGdXsvEATICEfsPabSPUvSaEema","176","193"
"Route","adtLMjLptQbETlWyaRt","SccWjhtqKpqqn","193","42"
"Route","gpfPiwSRC","AQFkQA","133","91"
"Route","oeWk","jDsxHuLgiDLecPeVsgD","192","194"
"Route","LiCtqKG","nFJewCCGxTM","75","82"
"Route","jARgyJUnPAee","ExdHkmTr","97","194"
"Route","UsQHbcqRPdRSGCp","rrPTtjMhUqhOsZiKPdCmX","177","23"
"Route","mqMAYTWpJ","luvYCOlsCGkamufjYUswysiJOJWdy","157","82"
"Route","ToKMpgGlImbQFEewPfccbShCtCNCCx","hihsMfVx","111","86"
"Route","iTzsPnoOFnsqGKvc","VlhuplOAmkuz","67","16"
"Route","LbZXgVrcPF","GIUiiVfjEUkdBFDkRmMjhGQeyltiK","141","174"
"Route","CTHZZifXidz","MgGIadwoyylAHzYhgmEDIUSwkiDvUd","94","11"
"Route","VZkVpmAVjcjU","OCMKdxRURgKQtPzBQbrmeGqL","98","154"
"Route","HLBatqySffcPLaKFXGeDP","hZUFeknBITEklRDdOpfLCwZbXvotU","176","113"
"Route","tkpCurtGXrHET","TCeoiMpzlWnKKqE","112","147"
"Route","gYetTmCYYKWBTYdwjJQBrmtD","ST","185","115"
"Route","vJDSWslwLmiLcXkjphk","VZSwRKHdH","55","42"
"Route","KZXJXgdeMjFryVHVE","To","125","90"
"Route","o","g","197","80"
"Route","wpZcbtzOeJJDPkSsoXlonu","ubpPvHXSVTsVnVmwPIJKIbaUvSw","113","82"
"Route","oNnfPUlBoViVF","kdBy","145","72"
"Route","JbTFPNTuZbrUGhDlrcWmK","ujSwDKjdQdzCmdQNUccVLcFpQRZ","196","177"
"Route","pkBfxzTAPxPxJeSTBQhlXHpXrg","NSDnAqHZqZJoNBSJttJM","94","48"
"Route","jeJMgIPhKIZLDqAVuCEnJbMYaH","xlmWwEG","135","155"
"Route","UfrubYARqBksbtzgUwmS","tIKlKshZtTOqIdXUSYILFKWojjqHFj","9","172"
"Route","KOTkrGYLvufe","sDpxIxPxnhIngTBtdqttfAdTE","160","139"
"Route","TSXyANdUJ","oWfo","63","83"
"Route","ocRIPfMSWhSmAbR","mBagFGrLTYiQcrfKnGKJh","32","8"
"Route","aqdDGlw","WUoWM","53","184"
"Route","yEUscklBGFNUKGAwyTa","OlkKtuimGaXaOMxn","46","42"
"Route","UEPEmRwlwPfKkgrBSusRzXYZ","QRmdTlZxa","42","22"
"Route","oadkImWGlJatBIuvkjtWcKrXhQ","KFDU","51","45"
"Route","ulkeVHKfUmOeOaNPjRno","cONxbWnrGBUcfvyEzNnLiQtHIx","15","60"
"Route","FPrCRNa","o","4","178"
"Route","T","WWeygvUtYpKatUsBMolRhcWVot","130","50"
"Route","MrvtbKwaMrWokBJpCMKY","wLlbtqqrZgkwFmvuJQM","68","65"
"Route","RDjTSVdqxKFyjIlpq","QhwJMTQDHhbIHBcoJPkkILzCwNv","2","78"
"Route","BZfB","oewkaRghjWxwLxkh","158","168"
"Route","AJENjoMpQDKqXFiUg","oMd","182","32"
"Route","texytko","SnWIhniZhJaPnMMjXc","43","21"
"Route","inIBH","pwwqnEBfz","21","30"
"Route","wMIqrMj","mBhtIBmCMM","7","191"
"Route","RpCxWzvfWTpOgbbMVMokt","hsezng","154","160"
"Route","HZHqClOwqNIKolkcOs","tBpQZfJuXEjjrjZQPTgXr","125","166"
"Route","KQg","QGCnBBkMu","128","74"
"Route","aRpjUq","tbWSCmijEEXzwIBNESAbFQT","19","194"
"Route","hfHHLhov","glUjuJpsOdkFIXHNHYzJW","48","89"
"Route","kehwrPZrgMzsOlzQqp","wGH","176","68"
"Route","toSrBBQhLiOYHlyCxnQD","PzMaRpWRpMlbuJVuFUaYT","66","38"
"Route","cehsZYDhlwojquTLYIQPO","JPyjzPExS","39","27"
"Route","xKwlgQyCUwdHFD","JJ","12","123"
"Route","BffozogflniNssGtRtuE","lpCaisSQUKXPcBwWnPrCWVAyOVezLq","49","9"
"Route","rJGPntthQCoZT","bMOHhfioXeVimwaQ","66","100"
"Route","eq","PYArXAFyQTYMNlBLjZxHZTJuOPjdl","95","130"
"Route","rhnovkNFmhsEDDgS","gwJG","11","119"
"Route","cdKo","lGXtNcH","149","97"
"Route","wlWvlych","vIWvMZWTUJfrQXGHcrefZEScsdlDUVk","28","144"
"Route","dtIwBNUS","irYpgeGBdCNxKCVKmXAPJ","106","132"
"Route","OVmoePnLcnreRebXKFlJfOw","noZGzJgPjIFGlcSgfeGFrjHDKwsb","134","74"
"Route","aSJGgRdfVKEXkODEyyG","Ppee","185","73"
"Route","qCxeMXFsTeuPhd","KMqnLKJj","14","68"
"Route","yIoKYsYNldEhnRCBnpJlQwyjJeNsA","ZMaEIkhKfUBUAnDzTKqTWaONLUwIqAo","1","170"
"Route","AVlgZixTDBOSREGGoAIS","NXOQZgYnGEhpKAfTJotTkygS","99","119"
"Route","QQZvhmCFMCWIxiEM","un","46","190"
"Route","WIexFzoJMjdnReNwWR","CFCUWJiAgfinggmADzVwlNvJTI","177","64"
"Route","uJyHPooi","pPLLkFOewju","146","28"
"Route","LhJfeWVJUzCxXsdVtC","aoKEAIJICpmeVlReEFqjcIB","102","159"
"Route","eZkhpWQFjxxWfiFJFDBtFGP","jRlh","85","100"
"Route","DAbukCUt","ZJvdnmATnHiqoldlnnEJMxA","86","138"
"Route","IOnDNzyYRufqseECXCHHRblBaaRkEuZ","cfdZzTfaRGZJBLnZcjXb","121","168"
"Route","gIis","hEtHDc","23","63"
"Route","qsyRlKJYCUFp","RxzVwguQHhBUl","167","153"
"Route","R","yNQRohTgRFymKweCFacPkyjQ","193","153"
"Route","HegvmE","dpPYQeoKlSEJzqSDerxeKXF","83","181"
"Route","RUWaQdGMXdfDADydqSqyPhEUFeBDAbF","GOWHIcl","149","76"
"Route","h","qAWsICaaBhbFDJdsCmZyxsvFSv","101","184"
"Route","OekBTpMdKnGjTVyY","jrceaseZzAHnBLRanlMpsodbWSqU","103","147"
"Route","eGCwvSoOysHIQkogqawg","qBiuZnWQYxifYZoWVM","124","126"
"Route","CnjmrQOXIcDSiUjofezIJEfC","O","35","153"
"Route","oYlLyunqo","lGpOcbZGWlfjbLoAQJfTuXOQHICs","180","180"
"Route","lEFCqXpEah","vKQZcVxJxJtGZxTaEjQveSUDZOC","91","173"
"Route","HvfzovhCcIjeSzBDTPXFdezAi","zMXo","174","183"
"Route","FtLl","lEucoUUWoBwdkTY","91","71"
"Route","rDznIRjPsvwEdQrf","uYeVZXCVRtISjOQXK","8","26"
"Route","FWAIEldRYl","PCqRwFvEDx","103","169"
"Route","cmNQeHXytJhesWXjidRsQzVKS","wpGTwXgSuGQRkFWNWAF","15","162"
"Route","QKbGYUDCaQ","INnRcufCUEDOXmWxwwLiMiLMCGFgh","43","105"
"Route","FpvCceffkQGzf","fpvbIkcUYjSIbFyKwEColZJAXRKjFd","64","197"
"Route","uSseQMuFDEdizUthrKsJoMOs","tt","45","19"
"Route","qSbN","wQnClYh","6","98"
"Route","OhYYeOOLtmSAjtKtRMspf","eIGkSoHTAZavHwbDwTjFYr","104","50"
"Route","mTTnZQCEiRclEvqeE","BktkiMLtaNpDwbpbOnaklsXh","64","20"
"Route","BrWPCHTkthff","ihgoosZWlQxpUtAk","100","121"
"Route","nlubEUhqn","yEwLXvKqUQiML","104","170"
"Route","GfkCUaIGgCQAiVTncApnGwjGebmVPWu","tRafnHGZDZQhIpCAR","128","57"
"Route","pmcSpWBNtsXucED","YFujFjPchq","180","155"
"Route","Nkw","AHedMziePJxMDsSavYsvDIvlTqeAr","157","10"
"Route","aDBCyjUKNoTSvlTSqdhrz","f","61","77"
"Route","zNGhmZyxdjRHUbX","Gr","187","30"
"Route","gaZWWMhePiYkLxY","qEDpZ","171","141"
"Route","eLN","OqmNvYmCESLMTxotpvnWs","65","148"
"Route","CKwIAILFFkU","GKsqskIlMyZVmHWXzRXYhD","142","49"
"Route","ovulfAzXUxpYdBF","pWJiVfbXMXFzoxOUfQesQaXAA","122","120"
"Route","NlKwnTM","JOffVYEFvgGpggycN","71","194"
